[{
      "id":"01",
      "type": "快机",
      "host": "amc-pl209-1",
      "ip": "172.24.136.233",
      "DataLog": 1,
      "ErrorLog": 1,
      "EventLog": 1,
      "StartStopLog": 1,
      "downtimelog": 1,
      "ParameterLog/Machine":1,
      "ParameterLog/Product":1
      },
      {
      "id":"02",
      "type": "快机",
      "host": "amc-pl209-2",
      "ip": "172.24.136.236",
      "DataLog": 1,
      "ErrorLog": 1,
      "EventLog": 1,
      "StartStopLog": 1,
      "downtimelog": 1,
      "ParameterLog/Machine":1,
      "ParameterLog/Product":1
      },
      {
      "id":"03",
      "type": "快机",
      "host": "amc-pl209-3",
      "ip": "172.24.137.193",
      "DataLog": 1,
      "ErrorLog": 1,
      "EventLog": 1,
      "StartStopLog": 1,
      "downtimelog": 1,
      "ParameterLog/Machine":1,
      "ParameterLog/Product":1
      },
      {
      "id":"04",
      "type": "快机",
      "host": "amc-pl209-4",
      "ip": "172.24.136.235",
      "DataLog": 1,
      "ErrorLog": 1,
      "EventLog": 1,
      "StartStopLog": 1,
      "downtimelog": 1,
      "ParameterLog/Machine":1,
      "ParameterLog/Product":1
      },
      {
      "id":"05",
      "type": "快机",
      "host": "amc-pl209-5",
      "ip": "172.24.137.128",
      "DataLog": 1,
      "ErrorLog": 1,
      "EventLog": 1,
      "StartStopLog": 1,
      "downtimelog": 1,
      "ParameterLog/Machine":1,
      "ParameterLog/Product":1
      },
      {
      "id":"06",
      "type": "快机",
      "host": "amc-pl209-6",
      "ip": "172.24.136.239",
      "DataLog": 1,
      "ErrorLog": 1,
      "EventLog": 1,
      "StartStopLog": 1,
      "downtimelog": 1,
      "ParameterLog/Machine":1,
      "ParameterLog/Product":1
      },
      {
      "id":"07",
      "type": "快机",
      "host": "amc-pl209-7",
      "ip": "172.24.136.229",
      "DataLog": 1,
      "ErrorLog": 1,
      "EventLog": 1,
      "StartStopLog": 1,
      "downtimelog": 1,
      "ParameterLog/Machine":1,
      "ParameterLog/Product":1
      },
      {
      "id":"08",
      "type": "快机",
      "host": "amc-pl209-8",
      "ip": "172.24.137.127",
      "DataLog": 1,
      "ErrorLog": 1,
      "EventLog": 1,
      "StartStopLog": 1,
      "downtimelog": 1,
      "ParameterLog/Machine":1,
      "ParameterLog/Product":1
      },
      {
      "id":"09",
      "type": "快机",
      "host": "amc-pl209-9",
      "ip": "172.24.136.228",
      "DataLog": 1,
      "ErrorLog": 1,
      "EventLog": 1,
      "StartStopLog": 1,
      "downtimelog": 1,
      "ParameterLog/Machine":1,
      "ParameterLog/Product":1
      },
      {
      "id":"10",
      "type": "慢机",
      "host": "amc-sr-2",
      "ip": "172.24.136.227",
      "DataLog": 1,
      "ErrorLog": 1,
      "EventLog": 1,
      "StartStopLog": 1,
      "downtimelog": 1,
      "ParameterLog/Machine":1,
      "ParameterLog/Product":1
      },
      {
      "id":"11",
      "type": "快机",
      "host": "amc-pl209-11",
      "ip": "172.24.136.251",
      "DataLog": 1,
      "ErrorLog": 1,
      "EventLog": 1,
      "StartStopLog": 1,
      "downtimelog": 1,
      "ParameterLog/Machine":1,
      "ParameterLog/Product":1
      },
      {
      "id":"12",
      "type": "慢机",
      "host": "amc-sr-3",
      "ip": "172.24.136.225",
      "DataLog": 1,
      "ErrorLog": 1,
      "EventLog": 1,
      "StartStopLog": 1,
      "downtimelog": 1,
      "ParameterLog/Machine":1,
      "ParameterLog/Product":1
      },
      {
      "id":"13",
      "type": "快机",
      "host": "amc-pl209-13",
      "ip": "172.24.136.237",
      "DataLog": 1,
      "ErrorLog": 1,
      "EventLog": 1,
      "StartStopLog": 1,
      "downtimelog": 1,
      "ParameterLog/Machine":1,
      "ParameterLog/Product":1
      },
      {
      "id":"14",
      "type": "慢机",
      "host": "amc-sr-4",
      "ip": "172.24.137.90",
      "DataLog": 1,
      "ErrorLog": 1,
      "EventLog": 1,
      "StartStopLog": 1,
      "downtimelog": 1,
      "ParameterLog/Machine":1,
      "ParameterLog/Product":1
      },
      {
      "id":"15",
      "type": "钯机",
      "host": "amc-nipd-1",
      "ip": "172.24.136.255",
      "DataLog": 1,
      "ErrorLog": 1,
      "EventLog": 1,
      "StartStopLog": 1,
      "downtimelog": 1,
      "ParameterLog/Machine":1,
      "ParameterLog/Product":1
      },
      {
      "id":"18",
      "type": "钯机",
      "host": "amc-nipd-4",
      "ip": "172.24.137.23",
      "DataLog": 1,
      "ErrorLog": 1,
      "EventLog": 1,
      "StartStopLog": 1,
      "downtimelog": 1,
      "ParameterLog/Machine":1,
      "ParameterLog/Product":1
      },
      {
      "id":"19",
      "type": "快机",
      "host": "amc-pl209-19",
      "ip": "172.24.136.222",
      "DataLog": 1,
      "ErrorLog": 1,
      "EventLog": 1,
      "StartStopLog": 1,
      "downtimelog": 1,
      "ParameterLog/Machine":1,
      "ParameterLog/Product":1
      },
      {
      "id":"20",
      "type": "快机",
      "host": "amc-pl209-20",
      "ip": "172.24.136.223",
      "DataLog": 1,
      "ErrorLog": 1,
      "EventLog": 1,
      "StartStopLog": 1,
      "downtimelog": 1,
      "ParameterLog/Machine":1,
      "ParameterLog/Product":1
      },
      {
      "id":"21",
      "type": "快机",
      "host": "amc-pl209-21",
      "ip": "172.24.136.216",
      "DataLog": 1,
      "ErrorLog": 1,
      "EventLog": 1,
      "StartStopLog": 1,
      "downtimelog": 1,
      "ParameterLog/Machine":1,
      "ParameterLog/Product":1
      },
      {
      "id":"22",
      "type": "快机",
      "host": "amc-pl209-22",
      "ip": "172.24.136.221",
      "DataLog": 1,
      "ErrorLog": 1,
      "EventLog": 1,
      "StartStopLog": 1,
      "downtimelog": 1,
      "ParameterLog/Machine":1,
      "ParameterLog/Product":1
      },
      {
      "id":"23",
      "type": "棕色氧化",
      "host": "",
      "ip": "172.24.136.232",
      "DataLog": 1,
      "ErrorLog": 1,
      "EventLog": 0,
      "StartStopLog": 0,
      "downtimelog": 0,
      "ParameterLog/Machine":0,
      "ParameterLog/Product":0
      },
      {
      "id":"24",
      "type": "棕色氧化",
      "host": "boonload",
      "ip": "172.24.136.240",
      "DataLog": 1,
      "ErrorLog": 1,
      "EventLog": 0,
      "StartStopLog": 0,
      "downtimelog": 0,
      "ParameterLog/Machine":0,
      "ParameterLog/Product":0
      },
      {
      "id":"25",
      "type": "棕色氧化",
      "host": "boonload2",
      "ip": "172.24.136.247",
      "DataLog": 1,
      "ErrorLog": 1,
      "EventLog": 0,
      "StartStopLog": 0,
      "downtimelog": 0,
      "ParameterLog/Machine":0,
      "ParameterLog/Product":0
      },
      {
      "id":"26",
      "type": "钯机",
      "host": "amc-nipd-5",
      "ip": "172.24.137.30",
      "DataLog": 1,
      "ErrorLog": 1,
      "EventLog": 1,
      "StartStopLog": 1,
      "downtimelog": 1,
      "ParameterLog/Machine":1,
      "ParameterLog/Product":1
      },
      {
      "id":"27",
      "type": "ME2",
      "host": "amc-me2-03",
      "ip": "172.24.137.54",
      "DataLog": 1,
      "ErrorLog": 1,
      "EventLog": 1,
      "StartStopLog": 1,
      "downtimelog": 1,
      "ParameterLog/Machine":1,
      "ParameterLog/Product":1
      },
      {
      "id":"28",
      "type": "快机",
      "host": "amc-pl209-28",
      "ip": "172.24.137.179",
      "DataLog": 1,
      "ErrorLog": 1,
      "EventLog": 1,
      "StartStopLog": 1,
      "downtimelog": 1,
      "ParameterLog/Machine":1,
      "ParameterLog/Product":1
      },
      {
      "id":"29",
      "type": "快机",
      "host": "amc-pl209-29",
      "ip": "172.24.137.45",
      "DataLog": 1,
      "ErrorLog": 1,
      "EventLog": 1,
      "StartStopLog": 1,
      "downtimelog": 1,
      "ParameterLog/Machine":1,
      "ParameterLog/Product":1
      },
      {
      "id":"30",
      "type": "ME2",
      "host": "amc-pl209-30",
      "ip": "172.24.137.133",
      "DataLog": 1,
      "ErrorLog": 1,
      "EventLog": 1,
      "StartStopLog": 1,
      "downtimelog": 1,
      "ParameterLog/Machine":1,
      "ParameterLog/Product":1
      },
      {
      "id":"31",
      "type": "慢机",
      "host": "amc-sr-6",
      "ip": "172.24.137.93",
      "DataLog": 1,
      "ErrorLog": 1,
      "EventLog": 1,
      "StartStopLog": 1,
      "downtimelog": 1,
      "ParameterLog/Machine":1,
      "ParameterLog/Product":1
      },
      {
      "id":"33",
      "type": "慢机",
      "host": "",
      "ip": "",
      "DataLog": 1,
      "ErrorLog": 1,
      "EventLog": 1,
      "StartStopLog": 1,
      "downtimelog": 1,
      "ParameterLog/Machine":1,
      "ParameterLog/Product":1
      },
      {
      "id":"32",
      "type": "ME2",
      "host": "amc-me2-04",
      "ip": "172.24.137.184",
      "DataLog": 1,
      "ErrorLog": 1,
      "EventLog": 1,
      "StartStopLog": 1,
      "downtimelog": 1,
      "ParameterLog/Machine":1,
      "ParameterLog/Product":1
      },
      {
      "id":"34",
      "type": "慢机",
      "host": "amc-pl209-34",
      "ip": "172.24.126.73",
      "DataLog": 1,
      "ErrorLog": 1,
      "EventLog": 1,
      "StartStopLog": 1,
      "downtimelog": 1,
      "ParameterLog/Machine":1,
      "ParameterLog/Product":1
      },
      {
      "id":"35",
      "type": "ME2",
      "host": "amc-me2-2",
      "ip": "172.24.137.89",
      "DataLog": 1,
      "ErrorLog": 1,
      "EventLog": 1,
      "StartStopLog": 1,
      "downtimelog": 1,
      "ParameterLog/Machine":1,
      "ParameterLog/Product":1
      },
      {
      "id":"36",
      "type": "钯机",
      "host": "amc-nipd-2",
      "ip": "172.24.136.254",
      "DataLog": 1,
      "ErrorLog": 1,
      "EventLog": 1,
      "StartStopLog": 1,
      "downtimelog": 1,
      "ParameterLog/Machine":1,
      "ParameterLog/Product":1
      },
      {
      "id":"37",
      "type": "钯机",
      "host": "amc-nipd-3",
      "ip": "172.24.136.226",
      "DataLog": 1,
      "ErrorLog": 1,
      "EventLog": 1,
      "StartStopLog": 1,
      "downtimelog": 1,
      "ParameterLog/Machine":1,
      "ParameterLog/Product":1
      },
      {
      "id":"38",
      "type": "快机",
      "host": "amc-rtr-01",
      "ip": "172.24.136.215",
      "DataLog": 1,
      "ErrorLog": 1,
      "EventLog": 1,
      "StartStopLog": 1,
      "downtimelog": 1,
      "ParameterLog/Machine":1,
      "ParameterLog/Product":1
      },
      {
      "id":"RSA",
      "type": "RSA",
      "host": "p.hexffffff.top",
      "ip": "localhost/www/csvtest/RSA",
      "Rsa": 1,
      "Alarm": 1,
      "Stopline": 1,
      "ParametricModifierLog": 1
    },
{
      "id": "testKuaiji",
      "type": "测试",
      "host": "p.hexffffff.top",
      "ip": "localhost/www/csvtest/Kuaiji",
      "DataLog": 1,
      "ErrorLog": 1,
      "EventLog": 1,
      "StartStopLog": 1,
      "downtimelog": 1,
      "ParameterLog/Machine": 1,
      "ParameterLog/Product": 1
},
{
      "id": "testSRmanji",
      "type": "测试",
      "host": "p.hexffffff.top",
      "ip": "localhost/www/csvtest/MANJI",
      "DataLog": 1,
      "ErrorLog": 1,
      "EventLog": 1,
      "StartStopLog": 1,
      "downtimelog": 1,
      "ParameterLog/Machine": 1,
      "ParameterLog/Product": 1
},
{
      "id": "testME2",
      "type": "测试",
      "host": "p.hexffffff.top",
      "ip": "localhost/www/csvtest/ME2",
      "DataLog": 1,
      "ErrorLog": 1,
      "EventLog": 1,
      "StartStopLog": 1,
      "downtimelog": 1,
      "ParameterLog/Machine": 1,
      "ParameterLog/Product": 1
},
{
      "id": "testNiPdAu",
      "type": "测试",
      "host": "p.hexffffff.top",
      "ip": "localhost/www/csvtest/NIPDAU",
      "DataLog": 1,
      "ErrorLog": 1,
      "EventLog": 1,
      "StartStopLog": 1,
      "downtimelog": 1,
      "ParameterLog/Machine": 1,
      "ParameterLog/Product": 1
},
{
      "id": "testBOC",
      "type": "测试",
      "host": "p.hexffffff.top",
      "ip": "localhost/www/csvtest/BOC",
      "DataLog": 1,
      "ErrorLog": 1,
      "EventLog": 0,
      "StartStopLog": 0,
      "downtimelog": 0,
      "ParameterLog/Machine": 0,
      "ParameterLog/Product": 0
},
{
      "id": "testRSA",
      "type": "测试",
      "host": "p.hexffffff.top",
      "ip": "localhost/www/csvtest/RSA",
      "Rsa": 1,
      "Alarm": 1,
      "Stopline": 1,
      "ParametricModifierLog": 1
},
{
      "id": "test5#",
      "type": "测试",
      "host": "j.hexffffff.top",
      "ip": "localhost/www/csvtest/5",
      "DataLog": 1,
      "ErrorLog": 1,
      "EventLog": 1,
      "StartStopLog": 1,
      "downtimelog": 1,
      "ParameterLog/Machine": 1,
      "ParameterLog/Product": 1
},
{
      "id": "test8#",
      "type": "测试",
      "host": "j.hexffffff.top",
      "ip": "localhost/www/csvtest/8",
      "DataLog": 1,
      "ErrorLog": 1,
      "EventLog": 1,
      "StartStopLog": 1,
      "downtimelog": 1,
      "ParameterLog/Machine": 1,
      "ParameterLog/Product": 1
},
{
      "id": "test1#",
      "type": "测试",
      "host": "j.hexffffff.top",
      "ip": "localhost/www/csvtest/1",
      "DataLog": 1,
      "ErrorLog": 1,
      "EventLog": 1,
      "StartStopLog": 1,
      "downtimelog": 1,
      "ParameterLog/Machine": 1,
      "ParameterLog/Product": 1
}
]